序号,链接,节点数
0,https://e3Qegw.absslk.xyz/b270f11b8e88c4903eb01b32228d3726,0
1,https://gist.githubusercontent.com/peasoft/40b87245630092f30cc98af61190b4e2/raw/,10
2,https://raw.githubusercontent.com/Huibq/TrojanLinks/master/links/vmess,0
3,https://raw.githubusercontent.com/Surfboardv2ray/TGParse/main/python/hy2,0
4,https://raw.githubusercontent.com/Surfboardv2ray/TGParse/main/python/hysteria2,1
5,https://raw.githubusercontent.com/ripaojiedian/freenode/main/clash,14
6,https://raw.githubusercontent.com/ripaojiedian/freenode/main/sub,14
7,https://raw.githubusercontent.com/zhangkaiitugithub/passcro/main/speednodes.yaml,27

总计,,52
